codice,nome,cognome
1,nomeutente1,cognomeutente1
2,nomeutente2,cognomeutente2
3,nomeutente3,cognomeutente3
4,nomeutente4,cognomeutente4
5,nomeutente5,cognomeutente5
6,nomeutente6,cognomeutente6
7,nomeutente7,cognomeutente7
8,nomeutente8,cognomeutente8
9,nomeutente9,cognomeutente9
10,nomeutente10,cognomeutente10
11,nomeutente11,cognomeutente11
12,nomeutente12,cognomeutente12
13,nomeutente13,cognomeutente13
14,nomeutente14,cognomeutente14
15,nomeutente15,cognomeutente15
16,nomeutente16,cognomeutente16
